Episode,Round,CurrentState,ManufacturerAction,RetailerAction,ManufacturerReward,RetailerReward,NextState,ManufacturerEpsilon,RetailerEpsilon
0,0,0,9,1,405,-540.0,0,0.998,0.998
0,1,0,5,0,335,249.82178217821786,0,0.996,0.996
0,2,0,2,0,174,525.4752475247524,0,0.994,0.994
0,3,0,9,0,360,-480.0,0,0.992,0.992
0,4,0,5,4,500,248.51485148514848,0,0.99,0.99
0,5,0,9,4,540,-6.534653465346537,0,0.988,0.988
0,6,0,9,4,540,-6.534653465346537,0,0.986,0.986
0,7,0,0,1,0,775.9603960396039,0,0.984,0.984
0,8,0,9,0,360,-480.0,0,0.982,0.982
0,9,0,9,3,495,-1.7821782178217518,0,0.98,0.98
0,10,0,4,4,440,332.5742574257424,0,0.978,0.978
0,11,0,1,0,93,631.6039603960396,0,0.976,0.976
0,12,0,1,3,128,657.9405940594061,0,0.974,0.974
0,13,0,7,3,511,113.20792079207922,0,0.972,0.972
0,14,0,7,4,560,104.75247524752467,0,0.97,0.97
0,15,0,4,1,328,347.26732673267315,0,0.968,0.968
0,16,0,4,1,328,347.26732673267315,0,0.966,0.966
0,17,0,0,3,0,776.7326732673268,0,0.964,0.964
0,18,0,1,3,128,657.9405940594061,0,0.962,0.962
0,19,0,0,3,0,776.7326732673268,0,0.96,0.96
0,20,0,2,0,174,525.4752475247524,0,0.958,0.958
0,21,0,5,1,375,261.38613861386136,0,0.956,0.956
0,22,0,1,4,140,633.4653465346535,0,0.954,0.954
0,23,0,5,3,460,260.7128712871288,0,0.952,0.952
0,24,0,1,3,128,657.9405940594061,0,0.95,0.95
0,25,0,5,4,500,248.51485148514848,0,0.948,0.948
0,26,0,4,1,328,347.26732673267315,0,0.946,0.946
0,27,0,7,1,420,113.46534653465346,0,0.944,0.944
0,28,0,4,0,292,332.2079207920792,0,0.942,0.942
0,29,0,7,1,420,113.46534653465346,0,0.94,0.94
0,30,0,1,0,93,631.6039603960396,0,0.938,0.938
0,31,0,9,2,450,0.0,0,0.9359999999999999,0.9359999999999999
0,32,0,5,2,415,265.34653465346537,0,0.9339999999999999,0.9339999999999999
0,33,0,0,1,0,775.9603960396039,0,0.9319999999999999,0.9319999999999999
0,34,0,2,0,174,525.4752475247524,0,0.9299999999999999,0.9299999999999999
0,35,0,4,4,440,332.5742574257424,0,0.9279999999999999,0.9279999999999999
0,36,0,7,0,371,105.28712871287121,0,0.9259999999999999,0.9259999999999999
0,37,0,0,0,0,748.5148514851485,0,0.9239999999999999,0.9239999999999999
0,38,0,5,0,335,249.82178217821786,0,0.9219999999999999,0.9219999999999999
0,39,0,9,2,450,0.0,0,0.9199999999999999,0.9199999999999999
0,40,0,9,2,450,0.0,0,0.9179999999999999,0.9179999999999999
0,41,0,7,1,420,113.46534653465346,0,0.9159999999999999,0.9159999999999999
0,42,0,8,3,512,51.524752475247624,0,0.9139999999999999,0.9139999999999999
0,43,0,0,0,0,748.5148514851485,0,0.9119999999999999,0.9119999999999999
0,44,0,3,0,240,424.75247524752467,0,0.9099999999999999,0.9099999999999999
0,45,0,5,2,415,265.34653465346537,0,0.9079999999999999,0.9079999999999999
0,46,0,6,3,492,183.26732673267315,0,0.9059999999999999,0.9059999999999999
0,47,0,2,1,196,546.2772277227723,0,0.9039999999999999,0.9039999999999999
0,48,0,9,4,540,-6.534653465346537,0,0.9019999999999999,0.9019999999999999
0,49,0,7,2,469,115.82178217821786,0,0.8999999999999999,0.8999999999999999
0,50,0,9,2,450,0.0,0,0.8979999999999999,0.8979999999999999
0,51,0,6,0,360,173.46534653465346,0,0.8959999999999999,0.8959999999999999
0,52,0,1,4,140,633.4653465346535,0,0.8939999999999999,0.8939999999999999
0,53,0,4,3,404,347.4554455445543,0,0.8919999999999999,0.8919999999999999
0,54,0,9,3,495,-1.7821782178217518,0,0.8899999999999999,0.8899999999999999
0,55,0,9,4,540,-6.534653465346537,0,0.8879999999999999,0.8879999999999999
0,56,0,9,0,360,-480.0,0,0.8859999999999999,0.8859999999999999
0,57,0,3,0,240,424.75247524752467,0,0.8839999999999999,0.8839999999999999
0,58,0,0,1,0,775.9603960396039,0,0.8819999999999999,0.8819999999999999
0,59,0,9,4,540,-6.534653465346537,0,0.8799999999999999,0.8799999999999999
0,60,0,4,3,404,347.4554455445543,0,0.8779999999999999,0.8779999999999999
0,61,0,1,2,117,665.3465346534654,0,0.8759999999999999,0.8759999999999999
0,62,0,5,2,415,265.34653465346537,0,0.8739999999999999,0.8739999999999999
0,63,0,9,4,540,-6.534653465346537,0,0.8719999999999999,0.8719999999999999
0,64,0,2,4,260,525.0495049504952,0,0.8699999999999999,0.8699999999999999
0,65,0,6,3,492,183.26732673267315,0,0.8679999999999999,0.8679999999999999
0,66,0,4,4,440,332.5742574257424,0,0.8659999999999999,0.8659999999999999
0,67,0,6,2,450,186.38613861386136,0,0.8639999999999999,0.8639999999999999
0,68,0,1,1,105,657.029702970297,0,0.8619999999999999,0.8619999999999999
0,69,0,0,0,0,748.5148514851485,0,0.8599999999999999,0.8599999999999999
0,70,0,9,2,450,0.0,0,0.8579999999999999,0.8579999999999999
0,71,0,0,3,0,776.7326732673268,0,0.8559999999999999,0.8559999999999999
0,72,0,6,3,492,183.26732673267315,0,0.8539999999999999,0.8539999999999999
0,73,0,6,3,492,183.26732673267315,0,0.8519999999999999,0.8519999999999999
0,74,0,3,2,300,448.5148514851485,0,0.8499999999999999,0.8499999999999999
0,75,0,9,1,405,-540.0,0,0.8479999999999999,0.8479999999999999
0,76,0,7,3,511,113.20792079207922,0,0.8459999999999999,0.8459999999999999
0,77,0,0,3,0,776.7326732673268,0,0.8439999999999999,0.8439999999999999
0,78,0,8,1,416,51.643564356435604,0,0.8419999999999999,0.8419999999999999
0,79,0,2,1,196,546.2772277227723,0,0.8399999999999999,0.8399999999999999
0,80,0,7,0,371,105.28712871287121,0,0.8379999999999999,0.8379999999999999
0,81,0,6,4,540,172.57425742574253,0,0.8359999999999999,0.8359999999999999
0,82,0,7,1,420,113.46534653465346,0,0.8339999999999999,0.8339999999999999
0,83,0,7,1,420,113.46534653465346,0,0.8319999999999999,0.8319999999999999
0,84,0,3,4,360,424.75247524752467,0,0.8299999999999998,0.8299999999999998
0,85,0,7,4,560,104.75247524752467,0,0.8279999999999998,0.8279999999999998
0,86,0,3,2,300,448.5148514851485,0,0.8259999999999998,0.8259999999999998
0,87,0,9,3,495,-1.7821782178217518,0,0.8239999999999998,0.8239999999999998
0,88,0,7,0,371,105.28712871287121,0,0.8219999999999998,0.8219999999999998
0,89,0,0,3,0,776.7326732673268,0,0.8199999999999998,0.8199999999999998
0,90,0,9,3,495,-1.7821782178217518,0,0.8179999999999998,0.8179999999999998
0,91,0,0,0,0,748.5148514851485,0,0.8159999999999998,0.8159999999999998
0,92,0,0,2,0,786.3861386138615,0,0.8139999999999998,0.8139999999999998
0,93,0,1,4,140,633.4653465346535,0,0.8119999999999998,0.8119999999999998
0,94,0,6,0,360,173.46534653465346,0,0.8099999999999998,0.8099999999999998
0,95,0,6,2,450,186.38613861386136,0,0.8079999999999998,0.8079999999999998
0,96,0,9,2,450,0.0,0,0.8059999999999998,0.8059999999999998
0,97,0,0,3,0,776.7326732673268,0,0.8039999999999998,0.8039999999999998
0,98,0,2,4,260,525.0495049504952,0,0.8019999999999998,0.8019999999999998
0,99,0,3,0,240,424.75247524752467,0,0.7999999999999998,0.7999999999999998
0,100,0,0,2,0,786.3861386138615,0,0.7979999999999998,0.7979999999999998
0,101,0,1,4,140,633.4653465346535,0,0.7959999999999998,0.7959999999999998
0,102,0,1,3,128,657.9405940594061,0,0.7939999999999998,0.7939999999999998
0,103,0,9,1,405,-540.0,0,0.7919999999999998,0.7919999999999998
0,104,0,9,3,495,-1.7821782178217518,0,0.7899999999999998,0.7899999999999998
0,105,0,5,1,375,261.38613861386136,0,0.7879999999999998,0.7879999999999998
0,106,0,0,3,0,776.7326732673268,0,0.7859999999999998,0.7859999999999998
0,107,0,7,2,469,115.82178217821786,0,0.7839999999999998,0.7839999999999998
0,108,0,3,4,360,424.75247524752467,0,0.7819999999999998,0.7819999999999998
0,109,0,9,3,495,-1.7821782178217518,0,0.7799999999999998,0.7799999999999998
0,110,0,2,0,174,525.4752475247524,0,0.7779999999999998,0.7779999999999998
0,111,0,0,0,0,748.5148514851485,0,0.7759999999999998,0.7759999999999998
0,112,0,2,4,260,525.0495049504952,0,0.7739999999999998,0.7739999999999998
0,113,0,2,3,238,546.0693069306931,0,0.7719999999999998,0.7719999999999998
0,114,0,6,2,450,186.38613861386136,0,0.7699999999999998,0.7699999999999998
0,115,0,8,4,560,45.049504950495134,0,0.7679999999999998,0.7679999999999998
0,116,0,8,0,376,-517.0,0,0.7659999999999998,0.7659999999999998
0,117,0,4,0,292,332.2079207920792,0,0.7639999999999998,0.7639999999999998
0,118,0,0,0,0,748.5148514851485,0,0.7619999999999998,0.7619999999999998
0,119,0,9,2,450,0.0,0,0.7599999999999998,0.7599999999999998
0,120,0,9,0,360,-480.0,0,0.7579999999999998,0.7579999999999998
0,121,0,2,4,260,525.0495049504952,0,0.7559999999999998,0.7559999999999998
0,122,0,7,0,371,105.28712871287121,0,0.7539999999999998,0.7539999999999998
0,123,0,5,2,415,265.34653465346537,0,0.7519999999999998,0.7519999999999998
0,124,0,8,2,464,53.722772277227705,0,0.7499999999999998,0.7499999999999998
0,125,0,9,0,360,-480.0,0,0.7479999999999998,0.7479999999999998
0,126,0,9,3,495,-1.7821782178217518,0,0.7459999999999998,0.7459999999999998
0,127,0,9,4,540,-6.534653465346537,0,0.7439999999999998,0.7439999999999998
0,128,0,9,3,495,-1.7821782178217518,0,0.7419999999999998,0.7419999999999998
0,129,0,6,4,540,172.57425742574253,0,0.7399999999999998,0.7399999999999998
0,130,0,6,2,450,186.38613861386136,0,0.7379999999999998,0.7379999999999998
0,131,0,9,2,450,0.0,0,0.7359999999999998,0.7359999999999998
0,132,0,6,4,540,172.57425742574253,0,0.7339999999999998,0.7339999999999998
0,133,0,9,3,495,-1.7821782178217518,0,0.7319999999999998,0.7319999999999998
0,134,0,6,0,360,173.46534653465346,0,0.7299999999999998,0.7299999999999998
0,135,0,9,1,405,-540.0,0,0.7279999999999998,0.7279999999999998
0,136,0,9,2,450,0.0,0,0.7259999999999998,0.7259999999999998
0,137,0,3,1,270,442.57425742574253,0,0.7239999999999998,0.7239999999999998
0,138,0,9,1,405,-540.0,0,0.7219999999999998,0.7219999999999998
0,139,0,8,4,560,45.049504950495134,0,0.7199999999999998,0.7199999999999998
0,140,0,6,2,450,186.38613861386136,0,0.7179999999999997,0.7179999999999997
0,141,0,9,1,405,-540.0,0,0.7159999999999997,0.7159999999999997
0,142,0,9,2,450,0.0,0,0.7139999999999997,0.7139999999999997
0,143,0,1,1,105,657.029702970297,0,0.7119999999999997,0.7119999999999997
0,144,0,0,2,0,786.3861386138615,0,0.7099999999999997,0.7099999999999997
0,145,0,5,1,375,261.38613861386136,0,0.7079999999999997,0.7079999999999997
0,146,0,5,0,335,249.82178217821786,0,0.7059999999999997,0.7059999999999997
0,147,0,9,0,360,-480.0,0,0.7039999999999997,0.7039999999999997
0,148,0,9,4,540,-6.534653465346537,0,0.7019999999999997,0.7019999999999997
0,149,0,5,4,500,248.51485148514848,0,0.6999999999999997,0.6999999999999997
0,150,0,1,1,105,657.029702970297,0,0.6979999999999997,0.6979999999999997
0,151,0,0,3,0,776.7326732673268,0,0.6959999999999997,0.6959999999999997
0,152,0,3,0,240,424.75247524752467,0,0.6939999999999997,0.6939999999999997
0,153,0,9,0,360,-480.0,0,0.6919999999999997,0.6919999999999997
0,154,0,9,2,450,0.0,0,0.6899999999999997,0.6899999999999997
0,155,0,4,4,440,332.5742574257424,0,0.6879999999999997,0.6879999999999997
0,156,0,2,4,260,525.0495049504952,0,0.6859999999999997,0.6859999999999997
0,157,0,7,0,371,105.28712871287121,0,0.6839999999999997,0.6839999999999997
0,158,0,9,0,360,-480.0,0,0.6819999999999997,0.6819999999999997
0,159,0,9,1,405,-540.0,0,0.6799999999999997,0.6799999999999997
0,160,0,1,2,117,665.3465346534654,0,0.6779999999999997,0.6779999999999997
0,161,0,9,4,540,-6.534653465346537,0,0.6759999999999997,0.6759999999999997
0,162,0,9,4,540,-6.534653465346537,0,0.6739999999999997,0.6739999999999997
0,163,0,2,3,238,546.0693069306931,0,0.6719999999999997,0.6719999999999997
0,164,0,9,2,450,0.0,0,0.6699999999999997,0.6699999999999997
0,165,0,9,3,495,-1.7821782178217518,0,0.6679999999999997,0.6679999999999997
0,166,0,4,0,292,332.2079207920792,0,0.6659999999999997,0.6659999999999997
0,167,0,4,3,404,347.4554455445543,0,0.6639999999999997,0.6639999999999997
0,168,0,9,2,450,0.0,0,0.6619999999999997,0.6619999999999997
0,169,0,6,1,408,183.6831683168316,0,0.6599999999999997,0.6599999999999997
0,170,0,8,2,464,53.722772277227705,0,0.6579999999999997,0.6579999999999997
0,171,0,9,4,540,-6.534653465346537,0,0.6559999999999997,0.6559999999999997
0,172,0,2,2,216,552.7128712871288,0,0.6539999999999997,0.6539999999999997
0,173,0,4,3,404,347.4554455445543,0,0.6519999999999997,0.6519999999999997
0,174,0,6,1,408,183.6831683168316,0,0.6499999999999997,0.6499999999999997
0,175,0,5,0,335,249.82178217821786,0,0.6479999999999997,0.6479999999999997
0,176,0,3,1,270,442.57425742574253,0,0.6459999999999997,0.6459999999999997
0,177,0,7,1,420,113.46534653465346,0,0.6439999999999997,0.6439999999999997
0,178,0,9,3,495,-1.7821782178217518,0,0.6419999999999997,0.6419999999999997
0,179,0,8,4,560,45.049504950495134,0,0.6399999999999997,0.6399999999999997
0,180,0,3,4,360,424.75247524752467,0,0.6379999999999997,0.6379999999999997
0,181,0,9,3,495,-1.7821782178217518,0,0.6359999999999997,0.6359999999999997
0,182,0,9,4,540,-6.534653465346537,0,0.6339999999999997,0.6339999999999997
0,183,0,0,0,0,748.5148514851485,0,0.6319999999999997,0.6319999999999997
0,184,0,7,2,469,115.82178217821786,0,0.6299999999999997,0.6299999999999997
0,185,0,0,1,0,775.9603960396039,0,0.6279999999999997,0.6279999999999997
0,186,0,9,3,495,-1.7821782178217518,0,0.6259999999999997,0.6259999999999997
0,187,0,9,1,405,-540.0,0,0.6239999999999997,0.6239999999999997
0,188,0,6,1,408,183.6831683168316,0,0.6219999999999997,0.6219999999999997
0,189,0,9,2,450,0.0,0,0.6199999999999997,0.6199999999999997
0,190,0,0,3,0,776.7326732673268,0,0.6179999999999997,0.6179999999999997
0,191,0,0,3,0,776.7326732673268,0,0.6159999999999997,0.6159999999999997
0,192,0,9,4,540,-6.534653465346537,0,0.6139999999999997,0.6139999999999997
0,193,0,8,1,416,51.643564356435604,0,0.6119999999999997,0.6119999999999997
0,194,0,9,1,405,-540.0,0,0.6099999999999997,0.6099999999999997
0,195,0,9,1,405,-540.0,0,0.6079999999999997,0.6079999999999997
0,196,0,8,3,512,51.524752475247624,0,0.6059999999999997,0.6059999999999997
0,197,0,9,4,540,-6.534653465346537,0,0.6039999999999996,0.6039999999999996
0,198,0,1,0,93,631.6039603960396,0,0.6019999999999996,0.6019999999999996
0,199,0,5,1,375,261.38613861386136,0,0.5999999999999996,0.5999999999999996
0,200,0,3,2,300,448.5148514851485,0,0.5979999999999996,0.5979999999999996
0,201,0,9,4,540,-6.534653465346537,0,0.5959999999999996,0.5959999999999996
0,202,0,9,4,540,-6.534653465346537,0,0.5939999999999996,0.5939999999999996
0,203,0,9,0,360,-480.0,0,0.5919999999999996,0.5919999999999996
0,204,0,9,0,360,-480.0,0,0.5899999999999996,0.5899999999999996
0,205,0,9,2,450,0.0,0,0.5879999999999996,0.5879999999999996
0,206,0,2,0,174,525.4752475247524,0,0.5859999999999996,0.5859999999999996
0,207,0,6,2,450,186.38613861386136,0,0.5839999999999996,0.5839999999999996
0,208,0,9,0,360,-480.0,0,0.5819999999999996,0.5819999999999996
0,209,0,9,2,450,0.0,0,0.5799999999999996,0.5799999999999996
0,210,0,2,4,260,525.0495049504952,0,0.5779999999999996,0.5779999999999996
0,211,0,9,1,405,-540.0,0,0.5759999999999996,0.5759999999999996
0,212,0,5,0,335,249.82178217821786,0,0.5739999999999996,0.5739999999999996
0,213,0,9,2,450,0.0,0,0.5719999999999996,0.5719999999999996
0,214,0,9,3,495,-1.7821782178217518,0,0.5699999999999996,0.5699999999999996
0,215,0,1,2,117,665.3465346534654,0,0.5679999999999996,0.5679999999999996
0,216,0,0,3,0,776.7326732673268,0,0.5659999999999996,0.5659999999999996
0,217,0,7,1,420,113.46534653465346,0,0.5639999999999996,0.5639999999999996
0,218,0,5,0,335,249.82178217821786,0,0.5619999999999996,0.5619999999999996
0,219,0,9,2,450,0.0,0,0.5599999999999996,0.5599999999999996
0,220,0,9,1,405,-540.0,0,0.5579999999999996,0.5579999999999996
0,221,0,4,1,328,347.26732673267315,0,0.5559999999999996,0.5559999999999996
0,222,0,6,4,540,172.57425742574253,0,0.5539999999999996,0.5539999999999996
0,223,0,6,3,492,183.26732673267315,0,0.5519999999999996,0.5519999999999996
0,224,0,9,0,360,-480.0,0,0.5499999999999996,0.5499999999999996
0,225,0,9,3,495,-1.7821782178217518,0,0.5479999999999996,0.5479999999999996
0,226,0,9,3,495,-1.7821782178217518,0,0.5459999999999996,0.5459999999999996
0,227,0,2,4,260,525.0495049504952,0,0.5439999999999996,0.5439999999999996
0,228,0,3,1,270,442.57425742574253,0,0.5419999999999996,0.5419999999999996
0,229,0,9,3,495,-1.7821782178217518,0,0.5399999999999996,0.5399999999999996
0,230,0,9,2,450,0.0,0,0.5379999999999996,0.5379999999999996
0,231,0,7,2,469,115.82178217821786,0,0.5359999999999996,0.5359999999999996
0,232,0,9,1,405,-540.0,0,0.5339999999999996,0.5339999999999996
0,233,0,9,3,495,-1.7821782178217518,0,0.5319999999999996,0.5319999999999996
0,234,0,9,4,540,-6.534653465346537,0,0.5299999999999996,0.5299999999999996
0,235,0,5,3,460,260.7128712871288,0,0.5279999999999996,0.5279999999999996
0,236,0,9,4,540,-6.534653465346537,0,0.5259999999999996,0.5259999999999996
0,237,0,9,1,405,-540.0,0,0.5239999999999996,0.5239999999999996
0,238,0,2,0,174,525.4752475247524,0,0.5219999999999996,0.5219999999999996
0,239,0,6,4,540,172.57425742574253,0,0.5199999999999996,0.5199999999999996
0,240,0,5,3,460,260.7128712871288,0,0.5179999999999996,0.5179999999999996
0,241,0,6,4,540,172.57425742574253,0,0.5159999999999996,0.5159999999999996
0,242,0,4,1,328,347.26732673267315,0,0.5139999999999996,0.5139999999999996
0,243,0,5,4,500,248.51485148514848,0,0.5119999999999996,0.5119999999999996
0,244,0,1,3,128,657.9405940594061,0,0.5099999999999996,0.5099999999999996
0,245,0,5,2,415,265.34653465346537,0,0.5079999999999996,0.5079999999999996
0,246,0,3,1,270,442.57425742574253,0,0.5059999999999996,0.5059999999999996
0,247,0,9,1,405,-540.0,0,0.5039999999999996,0.5039999999999996
0,248,0,9,3,495,-1.7821782178217518,0,0.5019999999999996,0.5019999999999996
0,249,0,5,2,415,265.34653465346537,0,0.49999999999999956,0.49999999999999956
0,250,0,9,2,450,0.0,0,0.49799999999999955,0.49799999999999955
0,251,0,9,1,405,-540.0,0,0.49599999999999955,0.49599999999999955
0,252,0,9,4,540,-6.534653465346537,0,0.49399999999999955,0.49399999999999955
0,253,0,3,4,360,424.75247524752467,0,0.49199999999999955,0.49199999999999955
0,254,0,0,4,0,750.0,0,0.48999999999999955,0.48999999999999955
0,255,0,1,4,140,633.4653465346535,0,0.48799999999999955,0.48799999999999955
0,256,0,8,4,560,45.049504950495134,0,0.48599999999999954,0.48599999999999954
0,257,0,9,3,495,-1.7821782178217518,0,0.48399999999999954,0.48399999999999954
0,258,0,9,3,495,-1.7821782178217518,0,0.48199999999999954,0.48199999999999954
0,259,0,9,0,360,-480.0,0,0.47999999999999954,0.47999999999999954
0,260,0,9,1,405,-540.0,0,0.47799999999999954,0.47799999999999954
0,261,0,7,4,560,104.75247524752467,0,0.47599999999999953,0.47599999999999953
0,262,0,2,4,260,525.0495049504952,0,0.47399999999999953,0.47399999999999953
0,263,0,7,1,420,113.46534653465346,0,0.47199999999999953,0.47199999999999953
0,264,0,9,2,450,0.0,0,0.46999999999999953,0.46999999999999953
0,265,0,8,3,512,51.524752475247624,0,0.4679999999999995,0.4679999999999995
0,266,0,9,0,360,-480.0,0,0.4659999999999995,0.4659999999999995
0,267,0,9,3,495,-1.7821782178217518,0,0.4639999999999995,0.4639999999999995
0,268,0,9,4,540,-6.534653465346537,0,0.4619999999999995,0.4619999999999995
0,269,0,9,4,540,-6.534653465346537,0,0.4599999999999995,0.4599999999999995
0,270,0,9,4,540,-6.534653465346537,0,0.4579999999999995,0.4579999999999995
0,271,0,7,2,469,115.82178217821786,0,0.4559999999999995,0.4559999999999995
0,272,0,5,3,460,260.7128712871288,0,0.4539999999999995,0.4539999999999995
0,273,0,9,3,495,-1.7821782178217518,0,0.4519999999999995,0.4519999999999995
0,274,0,6,0,360,173.46534653465346,0,0.4499999999999995,0.4499999999999995
0,275,0,8,2,464,53.722772277227705,0,0.4479999999999995,0.4479999999999995
0,276,0,9,1,405,-540.0,0,0.4459999999999995,0.4459999999999995
0,277,0,9,1,405,-540.0,0,0.4439999999999995,0.4439999999999995
0,278,0,9,4,540,-6.534653465346537,0,0.4419999999999995,0.4419999999999995
0,279,0,6,1,408,183.6831683168316,0,0.4399999999999995,0.4399999999999995
0,280,0,9,0,360,-480.0,0,0.4379999999999995,0.4379999999999995
0,281,0,0,3,0,776.7326732673268,0,0.4359999999999995,0.4359999999999995
0,282,0,6,2,450,186.38613861386136,0,0.4339999999999995,0.4339999999999995
0,283,0,9,1,405,-540.0,0,0.4319999999999995,0.4319999999999995
0,284,0,9,3,495,-1.7821782178217518,0,0.4299999999999995,0.4299999999999995
0,285,0,9,1,405,-540.0,0,0.4279999999999995,0.4279999999999995
0,286,0,0,0,0,748.5148514851485,0,0.4259999999999995,0.4259999999999995
0,287,0,5,2,415,265.34653465346537,0,0.4239999999999995,0.4239999999999995
0,288,0,6,2,450,186.38613861386136,0,0.4219999999999995,0.4219999999999995
0,289,0,5,2,415,265.34653465346537,0,0.4199999999999995,0.4199999999999995
0,290,0,9,0,360,-480.0,0,0.4179999999999995,0.4179999999999995
0,291,0,4,0,292,332.2079207920792,0,0.4159999999999995,0.4159999999999995
0,292,0,9,1,405,-540.0,0,0.4139999999999995,0.4139999999999995
0,293,0,2,4,260,525.0495049504952,0,0.4119999999999995,0.4119999999999995
0,294,0,9,0,360,-480.0,0,0.4099999999999995,0.4099999999999995
0,295,0,9,3,495,-1.7821782178217518,0,0.4079999999999995,0.4079999999999995
0,296,0,9,3,495,-1.7821782178217518,0,0.4059999999999995,0.4059999999999995
0,297,0,9,3,495,-1.7821782178217518,0,0.40399999999999947,0.40399999999999947
0,298,0,2,3,238,546.0693069306931,0,0.40199999999999947,0.40199999999999947
0,299,0,9,1,405,-540.0,0,0.39999999999999947,0.39999999999999947
0,300,0,0,1,0,775.9603960396039,0,0.39799999999999947,0.39799999999999947
0,301,0,4,2,368,352.7128712871288,0,0.39599999999999946,0.39599999999999946
0,302,0,4,2,368,352.7128712871288,0,0.39399999999999946,0.39399999999999946
0,303,0,4,1,328,347.26732673267315,0,0.39199999999999946,0.39199999999999946
0,304,0,1,1,105,657.029702970297,0,0.38999999999999946,0.38999999999999946
0,305,0,9,3,495,-1.7821782178217518,0,0.38799999999999946,0.38799999999999946
0,306,0,8,3,512,51.524752475247624,0,0.38599999999999945,0.38599999999999945
0,307,0,9,4,540,-6.534653465346537,0,0.38399999999999945,0.38399999999999945
0,308,0,9,3,495,-1.7821782178217518,0,0.38199999999999945,0.38199999999999945
0,309,0,7,1,420,113.46534653465346,0,0.37999999999999945,0.37999999999999945
0,310,0,9,3,495,-1.7821782178217518,0,0.37799999999999945,0.37799999999999945
0,311,0,9,3,495,-1.7821782178217518,0,0.37599999999999945,0.37599999999999945
0,312,0,9,2,450,0.0,0,0.37399999999999944,0.37399999999999944
0,313,0,9,0,360,-480.0,0,0.37199999999999944,0.37199999999999944
0,314,0,9,2,450,0.0,0,0.36999999999999944,0.36999999999999944
0,315,0,7,2,469,115.82178217821786,0,0.36799999999999944,0.36799999999999944
0,316,0,9,1,405,-540.0,0,0.36599999999999944,0.36599999999999944
0,317,0,4,2,368,352.7128712871288,0,0.36399999999999944,0.36399999999999944
0,318,0,9,3,495,-1.7821782178217518,0,0.36199999999999943,0.36199999999999943
0,319,0,9,2,450,0.0,0,0.35999999999999943,0.35999999999999943
0,320,0,9,4,540,-6.534653465346537,0,0.35799999999999943,0.35799999999999943
0,321,0,9,4,540,-6.534653465346537,0,0.35599999999999943,0.35599999999999943
0,322,0,9,2,450,0.0,0,0.3539999999999994,0.3539999999999994
0,323,0,9,2,450,0.0,0,0.3519999999999994,0.3519999999999994
0,324,0,9,2,450,0.0,0,0.3499999999999994,0.3499999999999994
0,325,0,9,2,450,0.0,0,0.3479999999999994,0.3479999999999994
0,326,0,9,2,450,0.0,0,0.3459999999999994,0.3459999999999994
0,327,0,2,1,196,546.2772277227723,0,0.3439999999999994,0.3439999999999994
0,328,0,9,3,495,-1.7821782178217518,0,0.3419999999999994,0.3419999999999994
0,329,0,9,1,405,-540.0,0,0.3399999999999994,0.3399999999999994
0,330,0,9,2,450,0.0,0,0.3379999999999994,0.3379999999999994
0,331,0,9,1,405,-540.0,0,0.3359999999999994,0.3359999999999994
0,332,0,9,2,450,0.0,0,0.3339999999999994,0.3339999999999994
0,333,0,5,3,460,260.7128712871288,0,0.3319999999999994,0.3319999999999994
0,334,0,9,1,405,-540.0,0,0.3299999999999994,0.3299999999999994
0,335,0,9,4,540,-6.534653465346537,0,0.3279999999999994,0.3279999999999994
0,336,0,9,2,450,0.0,0,0.3259999999999994,0.3259999999999994
0,337,0,8,4,560,45.049504950495134,0,0.3239999999999994,0.3239999999999994
0,338,0,8,2,464,53.722772277227705,0,0.3219999999999994,0.3219999999999994
0,339,0,9,1,405,-540.0,0,0.3199999999999994,0.3199999999999994
0,340,0,2,0,174,525.4752475247524,0,0.3179999999999994,0.3179999999999994
0,341,0,9,0,360,-480.0,0,0.3159999999999994,0.3159999999999994
0,342,0,9,2,450,0.0,0,0.3139999999999994,0.3139999999999994
0,343,0,9,2,450,0.0,0,0.3119999999999994,0.3119999999999994
0,344,0,2,0,174,525.4752475247524,0,0.3099999999999994,0.3099999999999994
0,345,0,9,4,540,-6.534653465346537,0,0.3079999999999994,0.3079999999999994
0,346,0,9,0,360,-480.0,0,0.3059999999999994,0.3059999999999994
0,347,0,1,1,105,657.029702970297,0,0.3039999999999994,0.3039999999999994
0,348,0,9,3,495,-1.7821782178217518,0,0.3019999999999994,0.3019999999999994
0,349,0,9,1,405,-540.0,0,0.2999999999999994,0.2999999999999994
0,350,0,9,2,450,0.0,0,0.2979999999999994,0.2979999999999994
0,351,0,9,0,360,-480.0,0,0.2959999999999994,0.2959999999999994
0,352,0,9,2,450,0.0,0,0.2939999999999994,0.2939999999999994
0,353,0,9,2,450,0.0,0,0.29199999999999937,0.29199999999999937
0,354,0,9,3,495,-1.7821782178217518,0,0.28999999999999937,0.28999999999999937
0,355,0,9,2,450,0.0,0,0.28799999999999937,0.28799999999999937
0,356,0,4,3,404,347.4554455445543,0,0.28599999999999937,0.28599999999999937
0,357,0,9,1,405,-540.0,0,0.28399999999999936,0.28399999999999936
0,358,0,9,2,450,0.0,0,0.28199999999999936,0.28199999999999936
0,359,0,8,1,416,51.643564356435604,0,0.27999999999999936,0.27999999999999936
0,360,0,9,0,360,-480.0,0,0.27799999999999936,0.27799999999999936
0,361,0,5,0,335,249.82178217821786,0,0.27599999999999936,0.27599999999999936
0,362,0,9,4,540,-6.534653465346537,0,0.27399999999999936,0.27399999999999936
0,363,0,9,2,450,0.0,0,0.27199999999999935,0.27199999999999935
0,364,0,8,1,416,51.643564356435604,0,0.26999999999999935,0.26999999999999935
0,365,0,9,0,360,-480.0,0,0.26799999999999935,0.26799999999999935
0,366,0,7,2,469,115.82178217821786,0,0.26599999999999935,0.26599999999999935
0,367,0,9,3,495,-1.7821782178217518,0,0.26399999999999935,0.26399999999999935
0,368,0,9,2,450,0.0,0,0.26199999999999934,0.26199999999999934
0,369,0,9,2,450,0.0,0,0.25999999999999934,0.25999999999999934
0,370,0,9,4,540,-6.534653465346537,0,0.25799999999999934,0.25799999999999934
0,371,0,9,2,450,0.0,0,0.25599999999999934,0.25599999999999934
0,372,0,6,2,450,186.38613861386136,0,0.25399999999999934,0.25399999999999934
0,373,0,9,0,360,-480.0,0,0.25199999999999934,0.25199999999999934
0,374,0,9,2,450,0.0,0,0.24999999999999933,0.24999999999999933
0,375,0,9,3,495,-1.7821782178217518,0,0.24799999999999933,0.24799999999999933
0,376,0,9,2,450,0.0,0,0.24599999999999933,0.24599999999999933
0,377,0,9,2,450,0.0,0,0.24399999999999933,0.24399999999999933
0,378,0,9,2,450,0.0,0,0.24199999999999933,0.24199999999999933
0,379,0,9,2,450,0.0,0,0.23999999999999932,0.23999999999999932
0,380,0,0,0,0,748.5148514851485,0,0.23799999999999932,0.23799999999999932
0,381,0,9,2,450,0.0,0,0.23599999999999932,0.23599999999999932
0,382,0,9,0,360,-480.0,0,0.23399999999999932,0.23399999999999932
0,383,0,9,4,540,-6.534653465346537,0,0.23199999999999932,0.23199999999999932
0,384,0,9,0,360,-480.0,0,0.22999999999999932,0.22999999999999932
0,385,0,9,1,405,-540.0,0,0.22799999999999931,0.22799999999999931
0,386,0,9,2,450,0.0,0,0.2259999999999993,0.2259999999999993
0,387,0,9,2,450,0.0,0,0.2239999999999993,0.2239999999999993
0,388,0,9,2,450,0.0,0,0.2219999999999993,0.2219999999999993
0,389,0,6,3,492,183.26732673267315,0,0.2199999999999993,0.2199999999999993
0,390,0,9,1,405,-540.0,0,0.2179999999999993,0.2179999999999993
0,391,0,9,3,495,-1.7821782178217518,0,0.2159999999999993,0.2159999999999993
0,392,0,9,3,495,-1.7821782178217518,0,0.2139999999999993,0.2139999999999993
0,393,0,9,2,450,0.0,0,0.2119999999999993,0.2119999999999993
0,394,0,9,1,405,-540.0,0,0.2099999999999993,0.2099999999999993
0,395,0,9,3,495,-1.7821782178217518,0,0.2079999999999993,0.2079999999999993
0,396,0,9,0,360,-480.0,0,0.2059999999999993,0.2059999999999993
0,397,0,3,1,270,442.57425742574253,0,0.2039999999999993,0.2039999999999993
0,398,0,9,1,405,-540.0,0,0.2019999999999993,0.2019999999999993
0,399,0,2,1,196,546.2772277227723,0,0.1999999999999993,0.1999999999999993
0,400,0,9,0,360,-480.0,0,0.1979999999999993,0.1979999999999993
0,401,0,9,1,405,-540.0,0,0.19599999999999929,0.19599999999999929
0,402,0,4,0,292,332.2079207920792,0,0.19399999999999928,0.19399999999999928
0,403,0,8,1,416,51.643564356435604,0,0.19199999999999928,0.19199999999999928
0,404,0,9,3,495,-1.7821782178217518,0,0.18999999999999928,0.18999999999999928
0,405,0,9,3,495,-1.7821782178217518,0,0.18799999999999928,0.18799999999999928
0,406,0,9,0,360,-480.0,0,0.18599999999999928,0.18599999999999928
0,407,0,9,1,405,-540.0,0,0.18399999999999928,0.18399999999999928
0,408,0,9,2,450,0.0,0,0.18199999999999927,0.18199999999999927
0,409,0,9,2,450,0.0,0,0.17999999999999927,0.17999999999999927
0,410,0,9,2,450,0.0,0,0.17799999999999927,0.17799999999999927
0,411,0,9,2,450,0.0,0,0.17599999999999927,0.17599999999999927
0,412,0,9,0,360,-480.0,0,0.17399999999999927,0.17399999999999927
0,413,0,9,2,450,0.0,0,0.17199999999999926,0.17199999999999926
0,414,0,9,2,450,0.0,0,0.16999999999999926,0.16999999999999926
0,415,0,9,2,450,0.0,0,0.16799999999999926,0.16799999999999926
0,416,0,9,2,450,0.0,0,0.16599999999999926,0.16599999999999926
0,417,0,9,2,450,0.0,0,0.16399999999999926,0.16399999999999926
0,418,0,9,2,450,0.0,0,0.16199999999999926,0.16199999999999926
0,419,0,9,2,450,0.0,0,0.15999999999999925,0.15999999999999925
0,420,0,6,2,450,186.38613861386136,0,0.15799999999999925,0.15799999999999925
0,421,0,9,1,405,-540.0,0,0.15599999999999925,0.15599999999999925
0,422,0,9,2,450,0.0,0,0.15399999999999925,0.15399999999999925
0,423,0,9,2,450,0.0,0,0.15199999999999925,0.15199999999999925
0,424,0,9,1,405,-540.0,0,0.14999999999999925,0.14999999999999925
0,425,0,9,0,360,-480.0,0,0.14799999999999924,0.14799999999999924
0,426,0,9,2,450,0.0,0,0.14599999999999924,0.14599999999999924
0,427,0,9,2,450,0.0,0,0.14399999999999924,0.14399999999999924
0,428,0,9,2,450,0.0,0,0.14199999999999924,0.14199999999999924
0,429,0,9,2,450,0.0,0,0.13999999999999924,0.13999999999999924
0,430,0,9,1,405,-540.0,0,0.13799999999999923,0.13799999999999923
0,431,0,9,2,450,0.0,0,0.13599999999999923,0.13599999999999923
0,432,0,9,2,450,0.0,0,0.13399999999999923,0.13399999999999923
0,433,0,9,2,450,0.0,0,0.13199999999999923,0.13199999999999923
0,434,0,9,2,450,0.0,0,0.12999999999999923,0.12999999999999923
0,435,0,9,2,450,0.0,0,0.12799999999999923,0.12799999999999923
0,436,0,9,2,450,0.0,0,0.12599999999999922,0.12599999999999922
0,437,0,9,2,450,0.0,0,0.12399999999999922,0.12399999999999922
0,438,0,9,2,450,0.0,0,0.12199999999999922,0.12199999999999922
0,439,0,9,2,450,0.0,0,0.11999999999999922,0.11999999999999922
0,440,0,6,1,408,183.6831683168316,0,0.11799999999999922,0.11799999999999922
0,441,0,8,4,560,45.049504950495134,0,0.11599999999999921,0.11599999999999921
0,442,0,9,0,360,-480.0,0,0.11399999999999921,0.11399999999999921
0,443,0,9,0,360,-480.0,0,0.11199999999999921,0.11199999999999921
0,444,0,9,1,405,-540.0,0,0.10999999999999921,0.10999999999999921
0,445,0,9,2,450,0.0,0,0.10799999999999921,0.10799999999999921
0,446,0,9,0,360,-480.0,0,0.1059999999999992,0.1059999999999992
0,447,0,9,2,450,0.0,0,0.1039999999999992,0.1039999999999992
0,448,0,9,2,450,0.0,0,0.1019999999999992,0.1019999999999992
0,449,0,9,2,450,0.0,0,0.0999999999999992,0.0999999999999992
0,450,0,9,2,450,0.0,0,0.0979999999999992,0.0979999999999992
0,451,0,9,2,450,0.0,0,0.0959999999999992,0.0959999999999992
0,452,0,9,2,450,0.0,0,0.0939999999999992,0.0939999999999992
0,453,0,9,2,450,0.0,0,0.0919999999999992,0.0919999999999992
0,454,0,9,2,450,0.0,0,0.08999999999999919,0.08999999999999919
0,455,0,9,2,450,0.0,0,0.08799999999999919,0.08799999999999919
0,456,0,9,2,450,0.0,0,0.08599999999999919,0.08599999999999919
0,457,0,9,2,450,0.0,0,0.08399999999999919,0.08399999999999919
0,458,0,9,2,450,0.0,0,0.08199999999999918,0.08199999999999918
0,459,0,1,1,105,657.029702970297,0,0.07999999999999918,0.07999999999999918
0,460,0,9,0,360,-480.0,0,0.07799999999999918,0.07799999999999918
0,461,0,9,1,405,-540.0,0,0.07599999999999918,0.07599999999999918
0,462,0,9,2,450,0.0,0,0.07399999999999918,0.07399999999999918
0,463,0,9,2,450,0.0,0,0.07199999999999918,0.07199999999999918
0,464,0,9,2,450,0.0,0,0.06999999999999917,0.06999999999999917
0,465,0,9,2,450,0.0,0,0.06799999999999917,0.06799999999999917
0,466,0,9,2,450,0.0,0,0.06599999999999917,0.06599999999999917
0,467,0,2,0,174,525.4752475247524,0,0.06399999999999917,0.06399999999999917
0,468,0,9,3,495,-1.7821782178217518,0,0.06199999999999917,0.06199999999999917
0,469,0,9,0,360,-480.0,0,0.059999999999999165,0.059999999999999165
0,470,0,9,3,495,-1.7821782178217518,0,0.05799999999999916,0.05799999999999916
0,471,0,9,2,450,0.0,0,0.05599999999999916,0.05599999999999916
0,472,0,9,2,450,0.0,0,0.05399999999999916,0.05399999999999916
0,473,0,9,2,450,0.0,0,0.05199999999999916,0.05199999999999916
0,474,0,9,2,450,0.0,0,0.049999999999999156,0.049999999999999156
0,475,0,9,2,450,0.0,0,0.047999999999999154,0.047999999999999154
0,476,0,9,2,450,0.0,0,0.04599999999999915,0.04599999999999915
0,477,0,9,2,450,0.0,0,0.04399999999999915,0.04399999999999915
0,478,0,9,2,450,0.0,0,0.04199999999999915,0.04199999999999915
0,479,0,9,2,450,0.0,0,0.03999999999999915,0.03999999999999915
0,480,0,9,2,450,0.0,0,0.037999999999999146,0.037999999999999146
0,481,0,9,2,450,0.0,0,0.035999999999999144,0.035999999999999144
0,482,0,9,2,450,0.0,0,0.03399999999999914,0.03399999999999914
0,483,0,9,2,450,0.0,0,0.03199999999999914,0.03199999999999914
0,484,0,9,2,450,0.0,0,0.02999999999999914,0.02999999999999914
0,485,0,9,2,450,0.0,0,0.027999999999999137,0.027999999999999137
0,486,0,9,2,450,0.0,0,0.025999999999999135,0.025999999999999135
0,487,0,9,2,450,0.0,0,0.023999999999999133,0.023999999999999133
0,488,0,9,2,450,0.0,0,0.02199999999999913,0.02199999999999913
0,489,0,9,2,450,0.0,0,0.01999999999999913,0.01999999999999913
0,490,0,8,2,464,53.722772277227705,0,0.017999999999999128,0.017999999999999128
0,491,0,9,2,450,0.0,0,0.015999999999999126,0.015999999999999126
0,492,0,9,1,405,-540.0,0,0.013999999999999126,0.013999999999999126
0,493,0,9,4,540,-6.534653465346537,0,0.011999999999999126,0.011999999999999126
0,494,0,9,0,360,-480.0,0,0.009999999999999126,0.009999999999999126
0,495,0,9,4,540,-6.534653465346537,0,0.007999999999999126,0.007999999999999126
0,496,0,9,4,540,-6.534653465346537,0,0.005999999999999126,0.005999999999999126
0,497,0,9,4,540,-6.534653465346537,0,0.003999999999999126,0.003999999999999126
0,498,0,9,4,540,-6.534653465346537,0,0.0019999999999991257,0.0019999999999991257
0,499,0,9,3,495,-1.7821782178217518,0,0.0,0.0
0,500,0,9,3,495,-1.7821782178217518,0,0.0,0.0
0,501,0,9,3,495,-1.7821782178217518,0,0.0,0.0
0,502,0,9,3,495,-1.7821782178217518,0,0.0,0.0
0,503,0,9,4,540,-6.534653465346537,0,0.0,0.0
0,504,0,9,3,495,-1.7821782178217518,0,0.0,0.0
0,505,0,9,3,495,-1.7821782178217518,0,0.0,0.0
0,506,0,9,3,495,-1.7821782178217518,0,0.0,0.0
0,507,0,9,4,540,-6.534653465346537,0,0.0,0.0
0,508,0,9,3,495,-1.7821782178217518,0,0.0,0.0
0,509,0,9,3,495,-1.7821782178217518,0,0.0,0.0
0,510,0,9,3,495,-1.7821782178217518,0,0.0,0.0
0,511,0,9,3,495,-1.7821782178217518,0,0.0,0.0
0,512,0,9,4,540,-6.534653465346537,0,0.0,0.0
0,513,0,9,3,495,-1.7821782178217518,0,0.0,0.0
0,514,0,9,2,450,0.0,0,0.0,0.0
0,515,0,9,2,450,0.0,0,0.0,0.0
0,516,0,9,2,450,0.0,0,0.0,0.0
0,517,0,9,2,450,0.0,0,0.0,0.0
0,518,0,9,2,450,0.0,0,0.0,0.0
0,519,0,9,2,450,0.0,0,0.0,0.0
0,520,0,9,2,450,0.0,0,0.0,0.0
0,521,0,9,2,450,0.0,0,0.0,0.0
0,522,0,9,2,450,0.0,0,0.0,0.0
0,523,0,9,2,450,0.0,0,0.0,0.0
0,524,0,9,2,450,0.0,0,0.0,0.0
0,525,0,9,2,450,0.0,0,0.0,0.0
0,526,0,9,2,450,0.0,0,0.0,0.0
0,527,0,9,2,450,0.0,0,0.0,0.0
0,528,0,9,2,450,0.0,0,0.0,0.0
0,529,0,9,2,450,0.0,0,0.0,0.0
0,530,0,9,2,450,0.0,0,0.0,0.0
0,531,0,9,2,450,0.0,0,0.0,0.0
0,532,0,9,2,450,0.0,0,0.0,0.0
0,533,0,9,2,450,0.0,0,0.0,0.0
0,534,0,9,2,450,0.0,0,0.0,0.0
0,535,0,9,2,450,0.0,0,0.0,0.0
0,536,0,9,2,450,0.0,0,0.0,0.0
0,537,0,9,2,450,0.0,0,0.0,0.0
0,538,0,9,2,450,0.0,0,0.0,0.0
0,539,0,9,2,450,0.0,0,0.0,0.0
0,540,0,9,2,450,0.0,0,0.0,0.0
0,541,0,9,2,450,0.0,0,0.0,0.0
0,542,0,9,2,450,0.0,0,0.0,0.0
0,543,0,9,2,450,0.0,0,0.0,0.0
0,544,0,9,2,450,0.0,0,0.0,0.0
0,545,0,9,2,450,0.0,0,0.0,0.0
0,546,0,9,2,450,0.0,0,0.0,0.0
0,547,0,9,2,450,0.0,0,0.0,0.0
0,548,0,9,2,450,0.0,0,0.0,0.0
0,549,0,9,2,450,0.0,0,0.0,0.0
0,550,0,9,2,450,0.0,0,0.0,0.0
0,551,0,9,2,450,0.0,0,0.0,0.0
0,552,0,9,2,450,0.0,0,0.0,0.0
0,553,0,9,2,450,0.0,0,0.0,0.0
0,554,0,9,2,450,0.0,0,0.0,0.0
0,555,0,9,2,450,0.0,0,0.0,0.0
0,556,0,9,2,450,0.0,0,0.0,0.0
0,557,0,9,2,450,0.0,0,0.0,0.0
0,558,0,9,2,450,0.0,0,0.0,0.0
0,559,0,9,2,450,0.0,0,0.0,0.0
0,560,0,9,2,450,0.0,0,0.0,0.0
0,561,0,9,2,450,0.0,0,0.0,0.0
0,562,0,9,2,450,0.0,0,0.0,0.0
0,563,0,9,2,450,0.0,0,0.0,0.0
0,564,0,9,2,450,0.0,0,0.0,0.0
0,565,0,9,2,450,0.0,0,0.0,0.0
0,566,0,9,2,450,0.0,0,0.0,0.0
0,567,0,9,2,450,0.0,0,0.0,0.0
0,568,0,9,2,450,0.0,0,0.0,0.0
0,569,0,9,2,450,0.0,0,0.0,0.0
0,570,0,9,3,495,-1.7821782178217518,0,0.0,0.0
0,571,0,9,2,450,0.0,0,0.0,0.0
0,572,0,9,2,450,0.0,0,0.0,0.0
0,573,0,9,2,450,0.0,0,0.0,0.0
0,574,0,9,2,450,0.0,0,0.0,0.0
0,575,0,9,2,450,0.0,0,0.0,0.0
0,576,0,9,2,450,0.0,0,0.0,0.0
0,577,0,9,2,450,0.0,0,0.0,0.0
0,578,0,9,2,450,0.0,0,0.0,0.0
0,579,0,9,2,450,0.0,0,0.0,0.0
0,580,0,9,2,450,0.0,0,0.0,0.0
0,581,0,9,2,450,0.0,0,0.0,0.0
0,582,0,9,2,450,0.0,0,0.0,0.0
0,583,0,9,2,450,0.0,0,0.0,0.0
0,584,0,9,2,450,0.0,0,0.0,0.0
0,585,0,9,2,450,0.0,0,0.0,0.0
0,586,0,9,2,450,0.0,0,0.0,0.0
0,587,0,9,2,450,0.0,0,0.0,0.0
0,588,0,9,2,450,0.0,0,0.0,0.0
0,589,0,9,2,450,0.0,0,0.0,0.0
0,590,0,9,2,450,0.0,0,0.0,0.0
0,591,0,9,2,450,0.0,0,0.0,0.0
0,592,0,9,2,450,0.0,0,0.0,0.0
0,593,0,9,2,450,0.0,0,0.0,0.0
0,594,0,9,2,450,0.0,0,0.0,0.0
0,595,0,9,2,450,0.0,0,0.0,0.0
0,596,0,9,2,450,0.0,0,0.0,0.0
0,597,0,9,2,450,0.0,0,0.0,0.0
0,598,0,9,2,450,0.0,0,0.0,0.0
0,599,0,9,2,450,0.0,0,0.0,0.0
0,600,0,9,2,450,0.0,0,0.0,0.0
0,601,0,9,2,450,0.0,0,0.0,0.0
0,602,0,9,2,450,0.0,0,0.0,0.0
0,603,0,9,2,450,0.0,0,0.0,0.0
0,604,0,9,2,450,0.0,0,0.0,0.0
0,605,0,9,2,450,0.0,0,0.0,0.0
0,606,0,9,2,450,0.0,0,0.0,0.0
0,607,0,9,2,450,0.0,0,0.0,0.0
0,608,0,9,2,450,0.0,0,0.0,0.0
0,609,0,9,2,450,0.0,0,0.0,0.0
0,610,0,9,2,450,0.0,0,0.0,0.0
0,611,0,9,2,450,0.0,0,0.0,0.0
0,612,0,9,2,450,0.0,0,0.0,0.0
0,613,0,9,2,450,0.0,0,0.0,0.0
0,614,0,9,2,450,0.0,0,0.0,0.0
0,615,0,9,2,450,0.0,0,0.0,0.0
0,616,0,9,2,450,0.0,0,0.0,0.0
0,617,0,9,2,450,0.0,0,0.0,0.0
0,618,0,9,2,450,0.0,0,0.0,0.0
0,619,0,9,2,450,0.0,0,0.0,0.0
0,620,0,9,2,450,0.0,0,0.0,0.0
0,621,0,9,2,450,0.0,0,0.0,0.0
0,622,0,9,2,450,0.0,0,0.0,0.0
0,623,0,9,2,450,0.0,0,0.0,0.0
0,624,0,9,2,450,0.0,0,0.0,0.0
0,625,0,9,2,450,0.0,0,0.0,0.0
0,626,0,9,2,450,0.0,0,0.0,0.0
0,627,0,9,2,450,0.0,0,0.0,0.0
0,628,0,9,2,450,0.0,0,0.0,0.0
0,629,0,9,2,450,0.0,0,0.0,0.0
0,630,0,9,2,450,0.0,0,0.0,0.0
0,631,0,9,2,450,0.0,0,0.0,0.0
0,632,0,9,2,450,0.0,0,0.0,0.0
0,633,0,9,2,450,0.0,0,0.0,0.0
0,634,0,9,2,450,0.0,0,0.0,0.0
0,635,0,9,2,450,0.0,0,0.0,0.0
0,636,0,9,2,450,0.0,0,0.0,0.0
0,637,0,9,2,450,0.0,0,0.0,0.0
0,638,0,9,2,450,0.0,0,0.0,0.0
0,639,0,9,2,450,0.0,0,0.0,0.0
0,640,0,9,2,450,0.0,0,0.0,0.0
0,641,0,9,2,450,0.0,0,0.0,0.0
0,642,0,9,2,450,0.0,0,0.0,0.0
0,643,0,9,2,450,0.0,0,0.0,0.0
0,644,0,9,2,450,0.0,0,0.0,0.0
0,645,0,9,2,450,0.0,0,0.0,0.0
0,646,0,9,2,450,0.0,0,0.0,0.0
0,647,0,9,2,450,0.0,0,0.0,0.0
0,648,0,9,2,450,0.0,0,0.0,0.0
0,649,0,9,2,450,0.0,0,0.0,0.0
0,650,0,9,2,450,0.0,0,0.0,0.0
0,651,0,9,2,450,0.0,0,0.0,0.0
0,652,0,9,2,450,0.0,0,0.0,0.0
0,653,0,9,2,450,0.0,0,0.0,0.0
0,654,0,9,2,450,0.0,0,0.0,0.0
0,655,0,9,2,450,0.0,0,0.0,0.0
0,656,0,9,2,450,0.0,0,0.0,0.0
0,657,0,9,2,450,0.0,0,0.0,0.0
0,658,0,9,2,450,0.0,0,0.0,0.0
0,659,0,9,2,450,0.0,0,0.0,0.0
0,660,0,9,2,450,0.0,0,0.0,0.0
0,661,0,9,2,450,0.0,0,0.0,0.0
0,662,0,9,2,450,0.0,0,0.0,0.0
0,663,0,9,2,450,0.0,0,0.0,0.0
0,664,0,9,2,450,0.0,0,0.0,0.0
0,665,0,9,2,450,0.0,0,0.0,0.0
0,666,0,9,2,450,0.0,0,0.0,0.0
0,667,0,9,2,450,0.0,0,0.0,0.0
0,668,0,9,2,450,0.0,0,0.0,0.0
0,669,0,9,2,450,0.0,0,0.0,0.0
0,670,0,9,2,450,0.0,0,0.0,0.0
0,671,0,9,2,450,0.0,0,0.0,0.0
0,672,0,9,2,450,0.0,0,0.0,0.0
0,673,0,9,2,450,0.0,0,0.0,0.0
0,674,0,9,2,450,0.0,0,0.0,0.0
0,675,0,9,2,450,0.0,0,0.0,0.0
0,676,0,9,2,450,0.0,0,0.0,0.0
0,677,0,9,2,450,0.0,0,0.0,0.0
0,678,0,9,2,450,0.0,0,0.0,0.0
0,679,0,9,2,450,0.0,0,0.0,0.0
0,680,0,9,2,450,0.0,0,0.0,0.0
0,681,0,9,2,450,0.0,0,0.0,0.0
0,682,0,9,2,450,0.0,0,0.0,0.0
0,683,0,9,2,450,0.0,0,0.0,0.0
0,684,0,9,2,450,0.0,0,0.0,0.0
0,685,0,9,2,450,0.0,0,0.0,0.0
0,686,0,9,3,495,-1.7821782178217518,0,0.0,0.0
0,687,0,9,2,450,0.0,0,0.0,0.0
0,688,0,9,2,450,0.0,0,0.0,0.0
0,689,0,9,2,450,0.0,0,0.0,0.0
0,690,0,9,2,450,0.0,0,0.0,0.0
0,691,0,9,2,450,0.0,0,0.0,0.0
0,692,0,9,2,450,0.0,0,0.0,0.0
0,693,0,9,2,450,0.0,0,0.0,0.0
0,694,0,9,2,450,0.0,0,0.0,0.0
0,695,0,9,2,450,0.0,0,0.0,0.0
0,696,0,9,2,450,0.0,0,0.0,0.0
0,697,0,9,2,450,0.0,0,0.0,0.0
0,698,0,9,2,450,0.0,0,0.0,0.0
0,699,0,9,2,450,0.0,0,0.0,0.0
0,700,0,9,2,450,0.0,0,0.0,0.0
0,701,0,9,2,450,0.0,0,0.0,0.0
0,702,0,9,2,450,0.0,0,0.0,0.0
0,703,0,9,2,450,0.0,0,0.0,0.0
0,704,0,9,2,450,0.0,0,0.0,0.0
0,705,0,9,2,450,0.0,0,0.0,0.0
0,706,0,9,2,450,0.0,0,0.0,0.0
0,707,0,9,2,450,0.0,0,0.0,0.0
0,708,0,9,2,450,0.0,0,0.0,0.0
0,709,0,9,2,450,0.0,0,0.0,0.0
0,710,0,9,2,450,0.0,0,0.0,0.0
0,711,0,9,2,450,0.0,0,0.0,0.0
0,712,0,9,2,450,0.0,0,0.0,0.0
0,713,0,9,2,450,0.0,0,0.0,0.0
0,714,0,9,2,450,0.0,0,0.0,0.0
0,715,0,9,2,450,0.0,0,0.0,0.0
0,716,0,9,2,450,0.0,0,0.0,0.0
0,717,0,9,2,450,0.0,0,0.0,0.0
0,718,0,9,2,450,0.0,0,0.0,0.0
0,719,0,9,2,450,0.0,0,0.0,0.0
0,720,0,9,2,450,0.0,0,0.0,0.0
0,721,0,9,2,450,0.0,0,0.0,0.0
0,722,0,9,2,450,0.0,0,0.0,0.0
0,723,0,9,2,450,0.0,0,0.0,0.0
0,724,0,9,2,450,0.0,0,0.0,0.0
0,725,0,9,2,450,0.0,0,0.0,0.0
0,726,0,9,2,450,0.0,0,0.0,0.0
0,727,0,9,2,450,0.0,0,0.0,0.0
0,728,0,9,2,450,0.0,0,0.0,0.0
0,729,0,9,2,450,0.0,0,0.0,0.0
0,730,0,9,2,450,0.0,0,0.0,0.0
0,731,0,9,2,450,0.0,0,0.0,0.0
0,732,0,9,2,450,0.0,0,0.0,0.0
0,733,0,9,2,450,0.0,0,0.0,0.0
0,734,0,9,2,450,0.0,0,0.0,0.0
0,735,0,9,2,450,0.0,0,0.0,0.0
0,736,0,9,2,450,0.0,0,0.0,0.0
0,737,0,9,2,450,0.0,0,0.0,0.0
0,738,0,9,2,450,0.0,0,0.0,0.0
0,739,0,9,2,450,0.0,0,0.0,0.0
0,740,0,9,2,450,0.0,0,0.0,0.0
0,741,0,9,2,450,0.0,0,0.0,0.0
0,742,0,9,2,450,0.0,0,0.0,0.0
0,743,0,9,2,450,0.0,0,0.0,0.0
0,744,0,9,2,450,0.0,0,0.0,0.0
0,745,0,9,2,450,0.0,0,0.0,0.0
0,746,0,9,2,450,0.0,0,0.0,0.0
0,747,0,9,2,450,0.0,0,0.0,0.0
0,748,0,9,2,450,0.0,0,0.0,0.0
0,749,0,9,2,450,0.0,0,0.0,0.0
0,750,0,9,2,450,0.0,0,0.0,0.0
0,751,0,9,2,450,0.0,0,0.0,0.0
0,752,0,9,2,450,0.0,0,0.0,0.0
0,753,0,9,2,450,0.0,0,0.0,0.0
0,754,0,9,2,450,0.0,0,0.0,0.0
0,755,0,9,2,450,0.0,0,0.0,0.0
0,756,0,9,2,450,0.0,0,0.0,0.0
0,757,0,9,2,450,0.0,0,0.0,0.0
0,758,0,9,2,450,0.0,0,0.0,0.0
0,759,0,9,2,450,0.0,0,0.0,0.0
0,760,0,9,2,450,0.0,0,0.0,0.0
0,761,0,9,2,450,0.0,0,0.0,0.0
0,762,0,9,2,450,0.0,0,0.0,0.0
0,763,0,9,2,450,0.0,0,0.0,0.0
0,764,0,9,2,450,0.0,0,0.0,0.0
0,765,0,9,2,450,0.0,0,0.0,0.0
0,766,0,9,2,450,0.0,0,0.0,0.0
0,767,0,9,2,450,0.0,0,0.0,0.0
0,768,0,9,2,450,0.0,0,0.0,0.0
0,769,0,9,2,450,0.0,0,0.0,0.0
0,770,0,9,2,450,0.0,0,0.0,0.0
0,771,0,9,2,450,0.0,0,0.0,0.0
0,772,0,9,2,450,0.0,0,0.0,0.0
0,773,0,9,2,450,0.0,0,0.0,0.0
0,774,0,9,2,450,0.0,0,0.0,0.0
0,775,0,9,2,450,0.0,0,0.0,0.0
0,776,0,9,2,450,0.0,0,0.0,0.0
0,777,0,9,2,450,0.0,0,0.0,0.0
0,778,0,9,2,450,0.0,0,0.0,0.0
0,779,0,9,2,450,0.0,0,0.0,0.0
0,780,0,9,2,450,0.0,0,0.0,0.0
0,781,0,9,2,450,0.0,0,0.0,0.0
0,782,0,9,2,450,0.0,0,0.0,0.0
0,783,0,9,2,450,0.0,0,0.0,0.0
0,784,0,9,2,450,0.0,0,0.0,0.0
0,785,0,9,2,450,0.0,0,0.0,0.0
0,786,0,9,2,450,0.0,0,0.0,0.0
0,787,0,9,2,450,0.0,0,0.0,0.0
0,788,0,9,2,450,0.0,0,0.0,0.0
0,789,0,9,2,450,0.0,0,0.0,0.0
0,790,0,9,2,450,0.0,0,0.0,0.0
0,791,0,9,2,450,0.0,0,0.0,0.0
0,792,0,9,2,450,0.0,0,0.0,0.0
0,793,0,9,2,450,0.0,0,0.0,0.0
0,794,0,9,2,450,0.0,0,0.0,0.0
0,795,0,9,2,450,0.0,0,0.0,0.0
0,796,0,9,2,450,0.0,0,0.0,0.0
0,797,0,9,2,450,0.0,0,0.0,0.0
0,798,0,9,2,450,0.0,0,0.0,0.0
0,799,0,9,2,450,0.0,0,0.0,0.0
0,800,0,9,2,450,0.0,0,0.0,0.0
0,801,0,9,2,450,0.0,0,0.0,0.0
0,802,0,9,2,450,0.0,0,0.0,0.0
0,803,0,9,2,450,0.0,0,0.0,0.0
0,804,0,9,2,450,0.0,0,0.0,0.0
0,805,0,9,2,450,0.0,0,0.0,0.0
0,806,0,9,2,450,0.0,0,0.0,0.0
0,807,0,9,2,450,0.0,0,0.0,0.0
0,808,0,9,2,450,0.0,0,0.0,0.0
0,809,0,9,2,450,0.0,0,0.0,0.0
0,810,0,9,2,450,0.0,0,0.0,0.0
0,811,0,9,2,450,0.0,0,0.0,0.0
0,812,0,9,2,450,0.0,0,0.0,0.0
0,813,0,9,2,450,0.0,0,0.0,0.0
0,814,0,9,2,450,0.0,0,0.0,0.0
0,815,0,9,2,450,0.0,0,0.0,0.0
0,816,0,9,2,450,0.0,0,0.0,0.0
0,817,0,9,2,450,0.0,0,0.0,0.0
0,818,0,9,2,450,0.0,0,0.0,0.0
0,819,0,9,2,450,0.0,0,0.0,0.0
0,820,0,9,2,450,0.0,0,0.0,0.0
0,821,0,9,2,450,0.0,0,0.0,0.0
0,822,0,9,2,450,0.0,0,0.0,0.0
0,823,0,9,2,450,0.0,0,0.0,0.0
0,824,0,9,2,450,0.0,0,0.0,0.0
0,825,0,9,2,450,0.0,0,0.0,0.0
0,826,0,9,2,450,0.0,0,0.0,0.0
0,827,0,9,2,450,0.0,0,0.0,0.0
0,828,0,9,2,450,0.0,0,0.0,0.0
0,829,0,9,2,450,0.0,0,0.0,0.0
0,830,0,9,2,450,0.0,0,0.0,0.0
0,831,0,9,2,450,0.0,0,0.0,0.0
0,832,0,9,2,450,0.0,0,0.0,0.0
0,833,0,9,2,450,0.0,0,0.0,0.0
0,834,0,9,2,450,0.0,0,0.0,0.0
0,835,0,9,2,450,0.0,0,0.0,0.0
0,836,0,9,2,450,0.0,0,0.0,0.0
0,837,0,9,2,450,0.0,0,0.0,0.0
0,838,0,9,2,450,0.0,0,0.0,0.0
0,839,0,9,2,450,0.0,0,0.0,0.0
0,840,0,9,2,450,0.0,0,0.0,0.0
0,841,0,9,2,450,0.0,0,0.0,0.0
0,842,0,9,2,450,0.0,0,0.0,0.0
0,843,0,9,2,450,0.0,0,0.0,0.0
0,844,0,9,2,450,0.0,0,0.0,0.0
0,845,0,9,2,450,0.0,0,0.0,0.0
0,846,0,9,2,450,0.0,0,0.0,0.0
0,847,0,9,2,450,0.0,0,0.0,0.0
0,848,0,9,2,450,0.0,0,0.0,0.0
0,849,0,9,2,450,0.0,0,0.0,0.0
0,850,0,9,2,450,0.0,0,0.0,0.0
0,851,0,9,2,450,0.0,0,0.0,0.0
0,852,0,9,2,450,0.0,0,0.0,0.0
0,853,0,9,2,450,0.0,0,0.0,0.0
0,854,0,9,2,450,0.0,0,0.0,0.0
0,855,0,9,2,450,0.0,0,0.0,0.0
0,856,0,9,2,450,0.0,0,0.0,0.0
0,857,0,9,2,450,0.0,0,0.0,0.0
0,858,0,9,2,450,0.0,0,0.0,0.0
0,859,0,9,2,450,0.0,0,0.0,0.0
0,860,0,9,2,450,0.0,0,0.0,0.0
0,861,0,9,2,450,0.0,0,0.0,0.0
0,862,0,9,2,450,0.0,0,0.0,0.0
0,863,0,9,2,450,0.0,0,0.0,0.0
0,864,0,9,2,450,0.0,0,0.0,0.0
0,865,0,9,2,450,0.0,0,0.0,0.0
0,866,0,9,2,450,0.0,0,0.0,0.0
0,867,0,9,2,450,0.0,0,0.0,0.0
0,868,0,9,2,450,0.0,0,0.0,0.0
0,869,0,9,2,450,0.0,0,0.0,0.0
0,870,0,9,2,450,0.0,0,0.0,0.0
0,871,0,9,2,450,0.0,0,0.0,0.0
0,872,0,9,2,450,0.0,0,0.0,0.0
0,873,0,9,2,450,0.0,0,0.0,0.0
0,874,0,9,2,450,0.0,0,0.0,0.0
0,875,0,9,2,450,0.0,0,0.0,0.0
0,876,0,9,2,450,0.0,0,0.0,0.0
0,877,0,9,2,450,0.0,0,0.0,0.0
0,878,0,9,2,450,0.0,0,0.0,0.0
0,879,0,9,2,450,0.0,0,0.0,0.0
0,880,0,9,2,450,0.0,0,0.0,0.0
0,881,0,9,2,450,0.0,0,0.0,0.0
0,882,0,9,2,450,0.0,0,0.0,0.0
0,883,0,9,2,450,0.0,0,0.0,0.0
0,884,0,9,2,450,0.0,0,0.0,0.0
0,885,0,9,2,450,0.0,0,0.0,0.0
0,886,0,9,2,450,0.0,0,0.0,0.0
0,887,0,9,2,450,0.0,0,0.0,0.0
0,888,0,9,2,450,0.0,0,0.0,0.0
0,889,0,9,2,450,0.0,0,0.0,0.0
0,890,0,9,2,450,0.0,0,0.0,0.0
0,891,0,9,2,450,0.0,0,0.0,0.0
0,892,0,9,2,450,0.0,0,0.0,0.0
0,893,0,9,2,450,0.0,0,0.0,0.0
0,894,0,9,2,450,0.0,0,0.0,0.0
0,895,0,9,2,450,0.0,0,0.0,0.0
0,896,0,9,2,450,0.0,0,0.0,0.0
0,897,0,9,2,450,0.0,0,0.0,0.0
0,898,0,9,2,450,0.0,0,0.0,0.0
0,899,0,9,2,450,0.0,0,0.0,0.0
0,900,0,9,2,450,0.0,0,0.0,0.0
0,901,0,9,2,450,0.0,0,0.0,0.0
0,902,0,9,2,450,0.0,0,0.0,0.0
0,903,0,9,2,450,0.0,0,0.0,0.0
0,904,0,9,2,450,0.0,0,0.0,0.0
0,905,0,9,2,450,0.0,0,0.0,0.0
0,906,0,9,2,450,0.0,0,0.0,0.0
0,907,0,9,2,450,0.0,0,0.0,0.0
0,908,0,9,2,450,0.0,0,0.0,0.0
0,909,0,9,2,450,0.0,0,0.0,0.0
0,910,0,9,2,450,0.0,0,0.0,0.0
0,911,0,9,2,450,0.0,0,0.0,0.0
0,912,0,9,2,450,0.0,0,0.0,0.0
0,913,0,9,2,450,0.0,0,0.0,0.0
0,914,0,9,2,450,0.0,0,0.0,0.0
0,915,0,9,2,450,0.0,0,0.0,0.0
0,916,0,9,2,450,0.0,0,0.0,0.0
0,917,0,9,2,450,0.0,0,0.0,0.0
0,918,0,9,2,450,0.0,0,0.0,0.0
0,919,0,9,2,450,0.0,0,0.0,0.0
0,920,0,9,2,450,0.0,0,0.0,0.0
0,921,0,9,2,450,0.0,0,0.0,0.0
0,922,0,9,2,450,0.0,0,0.0,0.0
0,923,0,9,2,450,0.0,0,0.0,0.0
0,924,0,9,2,450,0.0,0,0.0,0.0
0,925,0,9,2,450,0.0,0,0.0,0.0
0,926,0,9,2,450,0.0,0,0.0,0.0
0,927,0,9,2,450,0.0,0,0.0,0.0
0,928,0,9,2,450,0.0,0,0.0,0.0
0,929,0,9,2,450,0.0,0,0.0,0.0
0,930,0,9,2,450,0.0,0,0.0,0.0
0,931,0,9,2,450,0.0,0,0.0,0.0
0,932,0,9,2,450,0.0,0,0.0,0.0
0,933,0,9,2,450,0.0,0,0.0,0.0
0,934,0,9,2,450,0.0,0,0.0,0.0
0,935,0,9,2,450,0.0,0,0.0,0.0
0,936,0,9,2,450,0.0,0,0.0,0.0
0,937,0,9,2,450,0.0,0,0.0,0.0
0,938,0,9,2,450,0.0,0,0.0,0.0
0,939,0,9,2,450,0.0,0,0.0,0.0
0,940,0,9,2,450,0.0,0,0.0,0.0
0,941,0,9,2,450,0.0,0,0.0,0.0
0,942,0,9,2,450,0.0,0,0.0,0.0
0,943,0,9,2,450,0.0,0,0.0,0.0
0,944,0,9,2,450,0.0,0,0.0,0.0
0,945,0,9,2,450,0.0,0,0.0,0.0
0,946,0,9,2,450,0.0,0,0.0,0.0
0,947,0,9,2,450,0.0,0,0.0,0.0
0,948,0,9,2,450,0.0,0,0.0,0.0
0,949,0,9,2,450,0.0,0,0.0,0.0
0,950,0,9,2,450,0.0,0,0.0,0.0
0,951,0,9,2,450,0.0,0,0.0,0.0
0,952,0,9,2,450,0.0,0,0.0,0.0
0,953,0,9,2,450,0.0,0,0.0,0.0
0,954,0,9,2,450,0.0,0,0.0,0.0
0,955,0,9,2,450,0.0,0,0.0,0.0
0,956,0,9,2,450,0.0,0,0.0,0.0
0,957,0,9,2,450,0.0,0,0.0,0.0
0,958,0,9,2,450,0.0,0,0.0,0.0
0,959,0,9,2,450,0.0,0,0.0,0.0
0,960,0,9,2,450,0.0,0,0.0,0.0
0,961,0,9,2,450,0.0,0,0.0,0.0
0,962,0,9,2,450,0.0,0,0.0,0.0
0,963,0,9,2,450,0.0,0,0.0,0.0
0,964,0,9,2,450,0.0,0,0.0,0.0
0,965,0,9,2,450,0.0,0,0.0,0.0
0,966,0,9,2,450,0.0,0,0.0,0.0
0,967,0,9,2,450,0.0,0,0.0,0.0
0,968,0,9,2,450,0.0,0,0.0,0.0
0,969,0,9,2,450,0.0,0,0.0,0.0
0,970,0,9,2,450,0.0,0,0.0,0.0
0,971,0,9,2,450,0.0,0,0.0,0.0
0,972,0,9,2,450,0.0,0,0.0,0.0
0,973,0,9,2,450,0.0,0,0.0,0.0
0,974,0,9,2,450,0.0,0,0.0,0.0
0,975,0,9,2,450,0.0,0,0.0,0.0
0,976,0,9,2,450,0.0,0,0.0,0.0
0,977,0,9,2,450,0.0,0,0.0,0.0
0,978,0,9,2,450,0.0,0,0.0,0.0
0,979,0,9,2,450,0.0,0,0.0,0.0
0,980,0,9,2,450,0.0,0,0.0,0.0
0,981,0,9,2,450,0.0,0,0.0,0.0
0,982,0,9,2,450,0.0,0,0.0,0.0
0,983,0,9,2,450,0.0,0,0.0,0.0
0,984,0,9,2,450,0.0,0,0.0,0.0
0,985,0,9,3,495,-1.7821782178217518,0,0.0,0.0
0,986,0,9,2,450,0.0,0,0.0,0.0
0,987,0,9,2,450,0.0,0,0.0,0.0
0,988,0,9,2,450,0.0,0,0.0,0.0
0,989,0,9,2,450,0.0,0,0.0,0.0
0,990,0,9,2,450,0.0,0,0.0,0.0
0,991,0,9,2,450,0.0,0,0.0,0.0
0,992,0,9,2,450,0.0,0,0.0,0.0
0,993,0,9,2,450,0.0,0,0.0,0.0
0,994,0,9,2,450,0.0,0,0.0,0.0
0,995,0,9,2,450,0.0,0,0.0,0.0
0,996,0,9,2,450,0.0,0,0.0,0.0
0,997,0,9,2,450,0.0,0,0.0,0.0
0,998,0,9,2,450,0.0,0,0.0,0.0
0,999,0,9,2,450,0.0,0,0.0,0.0
